{"summary_info": {"batch_size": 32, "input_len": 1934, "output_len": 133205, "latency": 610.8065051138401, "ttft": 1.5396787747740746, "last_generation_throughput": 112.92483882932717, "input_throughput": 1256.106164276887, "overall_throughput": 221.24682508876234, "input_len_list": [37, 119, 38, 87, 76, 35, 47, 36, 44, 13, 15, 11, 21, 68, 11, 36, 30, 36, 41, 96, 88, 25, 52, 32, 76, 23, 114, 26, 72, 195, 219, 115], "output_len_list": [1, 1, 6, 17, 127, 295, 431, 622, 633, 851, 991, 1044, 1191, 1327, 1625, 1655, 1800, 2209, 2403, 2440, 2494, 3372, 3592, 3624, 3628, 3947, 4572, 5588, 7172, 10011, 32768, 32768], "e2e_latency_list": [0.9384887218475342, 0.9383900165557861, 1.0606627464294434, 1.3825352191925049, 4.662909507751465, 9.701240301132202, 13.785778999328613, 19.504470825195312, 19.891955614089966, 27.503437757492065, 32.402809858322144, 34.224777698516846, 39.26825475692749, 43.82468342781067, 53.830085039138794, 54.81745505332947, 59.41639447212219, 72.42579817771912, 78.66694283485413, 79.83978533744812, 81.00071597099304, 100.03808569908142, 104.76615905761719, 105.45974206924438, 105.53989791870117, 111.70581197738647, 123.79299402236938, 143.08304262161255, 170.4202835559845, 219.82753491401672, 608.4380161762238, 608.4380552768707], "output_throughput": 218.63163107106286}, "memory_info": {"weight": 40.55, "kvcache": 13.63, "graph": 3.55}}
